{
  "model_type": "RandomForestRegressor",
  "n_estimators": 100,
  "max_depth": 10,
  "min_samples_split": 2,
  "min_samples_leaf": 1,
  "max_features": "sqrt",
  "scale_features": true,
  "feature_count": 36,
  "train_samples": 359,
  "val_samples": 40,
  "training_date": "2026-02-01T14:24:13.211996",
  "train_mse": 2.260801407968532,
  "train_rmse": 1.5035961585374353,
  "train_mae": 1.0755008730191542,
  "train_mape": 0.5146620558861436,
  "train_r2": 0.9958821867765568,
  "train_mean_error": 0.016161769208233884,
  "train_std_error": 1.5035092966738157,
  "val_mse": 19.316093940224782,
  "val_rmse": 4.395007843021987,
  "val_mae": 3.248319584694012,
  "val_mape": 1.4815940871975486,
  "val_r2": 0.8450587106393066,
  "val_mean_error": -0.4501954527694195,
  "val_std_error": 4.371889522223831
}