{
  "model_type": "RandomForestRegressor",
  "n_estimators": 100,
  "max_depth": 10,
  "min_samples_split": 2,
  "min_samples_leaf": 1,
  "max_features": "sqrt",
  "scale_features": true,
  "feature_count": 36,
  "train_samples": 359,
  "val_samples": 40,
  "training_date": "2026-02-01T14:22:25.516653",
  "train_mse": 2.2604292240989903,
  "train_rmse": 1.5034723888715051,
  "train_mae": 1.07544879226514,
  "train_mape": 0.5146460069274379,
  "train_r2": 0.9958828646232972,
  "train_mean_error": 0.016016023508096833,
  "train_std_error": 1.5033870795939341,
  "val_mse": 19.316103990884113,
  "val_rmse": 4.395008986439517,
  "val_mae": 3.2483206651123098,
  "val_mape": 1.4815945524641894,
  "val_r2": 0.8450586113010419,
  "val_mean_error": -0.45019665241115236,
  "val_std_error": 4.371890548154414
}